Time,TWMM
1520606730006339840,2754.304348
1520606731006339840,2754.311828
1520606732006339840,2754.316239
1520606733006339840,2754.304348
1520606734006339840,2754.311828
1520606735006339840,2754.304348
1520606736006339840,2754.304945
1520606737006339840,2754.311170
1520606738006339840,2754.311170
1520606739006339840,2754.041667
1520606740006339840,2753.932171
1520606741006339840,2753.927350
1520606742006339840,2753.917279
1520606743006339840,2753.894309
1520606744006339840,2753.878505
1520606745006339840,2753.840686
1520606746006339840,2753.834951
1520606747006339840,2753.816832
1520606748006339840,2753.780000
1520606749006339840,2753.703226
1520606750006339840,2753.697205
1520606751006339840,2753.650463
1520606752006339840,2753.638258
1520606753006339840,2753.635827
1520606754006339840,2753.630952
1520606755006339840,2753.624060
1520606756006339840,2753.605505
1520606757006339840,2753.574000
1520606758006339840,2753.555172
1520606759006339840,2753.562500
1520606760006339840,2753.562500
1520606761006339840,2753.561667
1520606762006339840,2753.562500
1520606763006339840,2753.543561
1520606764006339840,2753.543561
1520606765006339840,2753.536585
1520606766006339840,2753.530864
1520606767006339840,2753.445946
1520606768006339840,2753.426587
1520606769006339840,2753.415929
1520606770006339840,2753.388699
1520606771006339840,2753.387755
1520606772006339840,2753.387755
1520606773006339840,2753.387755
1520606774006339840,2753.383333
1520606775006339840,2753.350427
1520606776006339840,2753.339623
1520606777006339840,2753.330000
1520606778006339840,2753.325000
1520606779006339840,2753.323232
1520606780006339840,2753.312500
1520606781006339840,2753.305263
1520606782006339840,2753.302083
1520606783006339840,2753.302083
1520606784006339840,2753.302778
1520606785006339840,2753.309659
1520606786006339840,2753.312500
1520606787006339840,2753.311798
1520606788006339840,2753.311947
1520606789006339840,2753.310440
1520606790006339840,2753.316547
1520606791006339840,2753.319588
1520606792006339840,2753.325000
1520606793006339840,2753.328846
1520606794006339840,2753.342920
1520606795006339840,2753.382212
1520606796006339840,2753.389175
1520606797006339840,2753.389175
1520606798006339840,2753.469262
1520606799006339840,2753.531553
1520606800006339840,2753.581597
1520606801006339840,2753.603659
1520606802006339840,2753.613636
1520606803006339840,2753.626866
1520606804006339840,2753.644144
1520606805006339840,2753.662736
1520606806006339840,2753.668142
1520606807006339840,2753.673810
1520606808006339840,2753.675000
1520606809006339840,2753.676020
1520606810006339840,2753.677835
1520606811006339840,2753.685065
1520606812006339840,2753.695402
1520606813006339840,2753.735795
1520606814006339840,2753.776685
1520606815006339840,2753.785714
1520606816006339840,2753.786990
1520606817006339840,2753.792614
1520606818006339840,2753.811644
1520606819006339840,2753.833851
1520606820006339840,2753.836890
1520606821006339840,2753.847143
1520606822006339840,2753.853022
1520606823006339840,2753.862952
1520606824006339840,2753.995614
1520606825006339840,2754.004237
1520606826006339840,2754.015217
1520606827006339840,2754.087121
1520606828006339840,2754.114919
1520606829006339840,2754.257212
1520606830006339840,2754.289720
1520606831006339840,2754.300000
1520606832006339840,2754.327899
1520606833006339840,2754.335470
1520606834006339840,2754.358491
1520606835006339840,2754.367257
1520606836006339840,2754.366477
1520606837006339840,2754.370787
1520606838006339840,2754.370787
1520606839006339840,2754.370787
1520606840006339840,2754.370787
1520606841006339840,2754.370787
1520606842006339840,2754.370787
1520606843006339840,2754.370787
1520606844006339840,2754.370787
1520606845006339840,2754.367521
1520606846006339840,2754.336864
1520606847006339840,2754.333929
1520606848006339840,2754.333929
1520606849006339840,2754.333929
1520606850006339840,2754.332569
1520606851006339840,2754.327225
1520606852006339840,2754.333929
1520606853006339840,2754.364247
1520606854006339840,2754.334559
1520606855006339840,2754.325676
1520606856006339840,2754.300000
1520606857006339840,2754.289720
1520606858006339840,2754.275401
1520606859006339840,2754.218750
1520606860006339840,2754.183929
1520606861006339840,2754.160326
1520606862006339840,2754.159091
1520606863006339840,2754.129630
1520606864006339840,2754.101562
1520606865006339840,2754.034722
1520606866006339840,2754.034722
1520606867006339840,2754.022222
1520606868006339840,2754.017176
1520606869006339840,2754.028369
1520606870006339840,2754.046358
1520606871006339840,2754.081126
1520606872006339840,2754.096939
1520606873006339840,2754.112745
1520606874006339840,2754.118590
1520606875006339840,2754.127551
1520606876006339840,2754.129630
1520606877006339840,2754.129630
1520606878006339840,2754.129630
1520606879006339840,2754.129630
1520606880006339840,2754.129630
1520606881006339840,2754.129630
1520606882006339840,2754.129630
1520606883006339840,2754.129630
1520606884006339840,2754.129630
1520606885006339840,2754.148352
1520606886006339840,2754.148352
1520606887006339840,2754.288071
1520606888006339840,2754.293317
1520606889006339840,2754.296791
1520606890006339840,2754.298942
1520606891006339840,2754.312155
1520606892006339840,2754.337500
1520606893006339840,2754.526786
1520606894006339840,2754.538991
1520606895006339840,2754.562827
1520606896006339840,2754.648810
1520606897006339840,2754.791367
1520606898006339840,2754.796763
1520606899006339840,2754.796763
1520606900006339840,2754.802083
1520606901006339840,2754.802448
1520606902006339840,2754.814465
1520606903006339840,2754.822443
1520606904006339840,2754.828526
1520606905006339840,2754.831761
1520606906006339840,2754.832707
1520606907006339840,2754.833969
1520606908006339840,2754.834586
1520606909006339840,2754.834848
1520606910006339840,2754.833955
1520606911006339840,2754.833832
1520606912006339840,2754.831395
1520606913006339840,2754.826705
1520606914006339840,2754.822857
1520606915006339840,2754.822443
1520606916006339840,2754.816038
1520606917006339840,2754.800000
1520606918006339840,2754.791367
1520606919006339840,2754.717899
1520606920006339840,2754.708333
1520606921006339840,2754.705323
1520606922006339840,2754.688192
1520606923006339840,2754.665254
1520606924006339840,2754.662500
1520606925006339840,2754.651515
1520606926006339840,2754.613475
1520606927006339840,2754.572034
1520606928006339840,2754.190104
1520606929006339840,2754.178218
1520606930006339840,2754.150000
1520606931006339840,2754.109649
1520606932006339840,2754.044643
1520606933006339840,2754.044643
1520606934006339840,2754.044643
1520606935006339840,2754.026699
1520606936006339840,2754.030952
1520606937006339840,2754.044643
1520606938006339840,2754.044643
1520606939006339840,2754.044643
1520606940006339840,2754.044643
1520606941006339840,2754.026087
1520606942006339840,2754.026087
1520606943006339840,2754.044643
1520606944006339840,2754.044643
1520606945006339840,2754.044643
1520606946006339840,2754.044643
1520606947006339840,2754.100962
1520606948006339840,2754.267857
1520606949006339840,2754.461340
1520606950006339840,2754.626923
1520606951006339840,2754.634021
1520606952006339840,2754.705078
1520606953006339840,2754.780405
1520606954006339840,2754.838843
1520606955006339840,2754.846311
1520606956006339840,2754.857383
1520606957006339840,2754.866972
1520606958006339840,2754.878834
1520606959006339840,2754.888889
1520606960006339840,2754.945402
1520606961006339840,2755.052632
1520606962006339840,2755.263636
1520606963006339840,2755.275000
1520606964006339840,2755.291322
1520606965006339840,2755.300505
1520606966006339840,2755.312016
1520606967006339840,2755.316054
1520606968006339840,2755.324324
1520606969006339840,2755.332071
1520606970006339840,2755.338115
1520606971006339840,2755.351351
1520606972006339840,2755.355263
1520606973006339840,2755.369658
1520606974006339840,2755.387427
1520606975006339840,2755.396186
1520606976006339840,2755.459581
1520606977006339840,2755.462871
1520606978006339840,2755.477124
1520606979006339840,2755.482456
1520606980006339840,2755.482533
1520606981006339840,2755.483553
1520606982006339840,2755.493274
1520606983006339840,2755.508993
1520606984006339840,2755.523438
1520606985006339840,2755.538321
1520606986006339840,2755.542453
1520606987006339840,2755.563433
1520606988006339840,2755.568862
1520606989006339840,2755.576797
1520606990006339840,2755.578283
1520606991006339840,2755.576807
1520606992006339840,2755.577381
1520606993006339840,2755.576807
1520606994006339840,2755.578767
1520606995006339840,2755.584375
1520606996006339840,2755.586331
1520606997006339840,2755.588050
1520606998006339840,2755.593750
1520606999006339840,2755.596154
1520607000006339840,2755.598291
1520607001006339840,2755.605960
1520607002006339840,2755.607143
1520607003006339840,2755.633588
1520607004006339840,2755.635659
1520607005006339840,2755.637868
1520607006006339840,2755.642308
1520607007006339840,2755.656780
1520607008006339840,2755.672917
1520607009006339840,2755.695055
1520607010006339840,2755.738208
1520607011006339840,2755.750996
1520607012006339840,2755.762264
1520607013006339840,2755.764045
1520607014006339840,2755.764045
1520607015006339840,2755.764045
1520607016006339840,2755.764045
1520607017006339840,2755.788927
1520607018006339840,2755.793478
1520607019006339840,2755.866898
1520607020006339840,2756.002933
1520607021006339840,2756.025064
1520607022006339840,2756.039873
1520607023006339840,2756.051676
1520607024006339840,2756.060625
1520607025006339840,2756.163265
1520607026006339840,2756.337398
1520607027006339840,2756.421569
1520607028006339840,2756.520221
1520607029006339840,2756.531879
1520607030006339840,2756.539855
1520607031006339840,2756.545276
1520607032006339840,2756.560150
1520607033006339840,2756.567568
1520607034006339840,2756.579710
1520607035006339840,2756.595041
1520607036006339840,2756.614726
1520607037006339840,2756.630556
1520607038006339840,2756.629888
1520607039006339840,2756.618333
1520607040006339840,2756.629888
1520607041006339840,2756.629888
1520607042006339840,2756.629888
1520607043006339840,2756.630068
1520607044006339840,2756.629888
1520607045006339840,2756.629888
1520607046006339840,2756.629888
1520607047006339840,2756.629888
1520607048006339840,2756.630068
1520607049006339840,2756.629888
1520607050006339840,2756.629888
1520607051006339840,2756.613793
1520607052006339840,2756.535340
1520607053006339840,2756.531081
1520607054006339840,2756.533854
1520607055006339840,2756.533854
1520607056006339840,2756.533854
1520607057006339840,2756.531081
1520607058006339840,2756.531081
1520607059006339840,2756.531081
1520607060006339840,2756.531081
1520607061006339840,2756.531081
1520607062006339840,2756.531081
1520607063006339840,2756.533854
1520607064006339840,2756.531081
1520607065006339840,2756.533854
1520607066006339840,2756.533854
1520607067006339840,2756.723404
1520607068006339840,2756.769958
1520607069006339840,2756.773760
1520607070006339840,2756.786432
1520607071006339840,2756.851604
1520607072006339840,2756.862573
1520607073006339840,2756.874260
1520607074006339840,2756.876623
1520607075006339840,2756.882124
1520607076006339840,2756.899371
1520607077006339840,2756.914815
1520607078006339840,2756.917910
1520607079006339840,2756.955263
1520607080006339840,2757.010613
1520607081006339840,2757.036381
1520607082006339840,2757.043023
1520607083006339840,2757.061628
1520607084006339840,2757.117958
1520607085006339840,2757.121019
1520607086006339840,2757.163915
1520607087006339840,2757.245455
1520607088006339840,2757.269753
1520607089006339840,2757.347938
1520607090006339840,2757.391340
1520607091006339840,2757.400685
1520607092006339840,2757.402968
1520607093006339840,2757.405235
1520607094006339840,2757.409483
1520607095006339840,2757.421480
1520607096006339840,2757.430212
1520607097006339840,2757.442235
1520607098006339840,2757.472707
1520607099006339840,2757.477660
1520607100006339840,2757.506944
1520607101006339840,2757.530488
1520607102006339840,2757.549505
1520607103006339840,2757.559570
1520607104006339840,2757.596154
1520607105006339840,2757.625315
1520607106006339840,2757.639918
1520607107006339840,2757.639918
1520607108006339840,2757.639918
1520607109006339840,2757.620662
1520607110006339840,2757.596154
1520607111006339840,2757.639676
1520607112006339840,2757.639918
1520607113006339840,2757.639463
1520607114006339840,2757.639676
1520607115006339840,2757.639463
1520607116006339840,2757.639463
1520607117006339840,2757.639676
1520607118006339840,2757.640688
1520607119006339840,2757.646516
1520607120006339840,2757.665541
1520607121006339840,2757.665541
1520607122006339840,2757.665541
1520607123006339840,2757.665541
1520607124006339840,2757.665158
1520607125006339840,2757.629496
1520607126006339840,2757.547222
1520607127006339840,2757.546512
1520607128006339840,2757.546512
1520607129006339840,2757.546512
1520607130006339840,2757.546512
1520607131006339840,2757.546512
1520607132006339840,2757.546512
1520607133006339840,2757.546512
1520607134006339840,2757.546512
1520607135006339840,2757.546512
1520607136006339840,2757.547222
1520607137006339840,2757.618932
1520607138006339840,2757.642593
1520607139006339840,2757.674797
1520607140006339840,2757.693089
1520607141006339840,2757.736486
1520607142006339840,2757.836449
1520607143006339840,2757.886525
1520607144006339840,2757.898305
1520607145006339840,2758.039216
1520607146006339840,2758.147500
1520607147006339840,2758.150000
1520607148006339840,2758.156463
1520607149006339840,2758.156463
1520607150006339840,2758.156463
1520607151006339840,2758.156542
1520607152006339840,2758.156542
1520607153006339840,2758.156463
1520607154006339840,2758.156463
1520607155006339840,2758.156463
1520607156006339840,2758.156463
1520607157006339840,2758.156463
1520607158006339840,2758.156463
1520607159006339840,2758.152500
1520607160006339840,2758.141509
1520607161006339840,2758.058962
1520607162006339840,2758.058962
1520607163006339840,2758.058962
1520607164006339840,2758.037500
1520607165006339840,2758.037500
1520607166006339840,2757.993421
1520607167006339840,2757.992958
1520607168006339840,2757.990964
1520607169006339840,2757.991007
1520607170006339840,2757.988342
1520607171006339840,2757.980100
1520607172006339840,2757.977083
1520607173006339840,2757.959951
1520607174006339840,2757.950704
1520607175006339840,2757.947872
1520607176006339840,2757.947872
1520607177006339840,2757.947872
1520607178006339840,2757.947872
1520607179006339840,2757.947872
1520607180006339840,2757.948276
1520607181006339840,2757.947872
1520607182006339840,2757.944561
1520607183006339840,2757.942982
1520607184006339840,2757.942982
1520607185006339840,2757.942982
1520607186006339840,2757.942982
1520607187006339840,2757.941589
1520607188006339840,2757.935644
1520607189006339840,2757.933962
1520607190006339840,2757.926020
1520607191006339840,2757.916322
1520607192006339840,2757.911638
1520607193006339840,2757.861328
1520607194006339840,2757.802273
1520607195006339840,2757.795833
1520607196006339840,2757.792808
1520607197006339840,2757.791935
1520607198006339840,2757.790584
1520607199006339840,2757.791935
1520607200006339840,2757.791935
1520607201006339840,2757.791935
1520607202006339840,2757.791935
1520607203006339840,2757.802536
1520607204006339840,2757.837963
1520607205006339840,2757.861328
1520607206006339840,2757.861328
1520607207006339840,2757.861328
1520607208006339840,2757.861328
1520607209006339840,2757.840909
1520607210006339840,2757.863462
1520607211006339840,2757.911616
1520607212006339840,2757.927570
1520607213006339840,2757.966837
1520607214006339840,2758.065341
1520607215006339840,2758.065341
1520607216006339840,2758.065341
1520607217006339840,2758.065341
1520607218006339840,2758.065341
1520607219006339840,2758.065942
1520607220006339840,2758.065341
1520607221006339840,2758.065341
1520607222006339840,2758.065341
1520607223006339840,2758.066092
1520607224006339840,2758.065341
1520607225006339840,2758.065341
1520607226006339840,2758.065341
1520607227006339840,2758.065341
1520607228006339840,2757.992188
1520607229006339840,2757.992188
1520607230006339840,2757.976190
1520607231006339840,2757.965385
1520607232006339840,2757.962000
1520607233006339840,2757.954380
1520607234006339840,2757.940840
1520607235006339840,2757.928571
1520607236006339840,2757.919643
1520607237006339840,2757.917411
1520607238006339840,2757.890385
1520607239006339840,2757.730226
1520607240006339840,2757.692857
1520607241006339840,2757.495968
1520607242006339840,2757.492857
1520607243006339840,2757.492857
1520607244006339840,2757.492857
1520607245006339840,2757.478896
1520607246006339840,2757.473684
1520607247006339840,2757.432390
1520607248006339840,2757.355603
1520607249006339840,2757.352000
1520607250006339840,2757.229911
1520607251006339840,2757.220280
1520607252006339840,2757.212389
1520607253006339840,2757.207983
1520607254006339840,2757.173358
1520607255006339840,2757.162698
1520607256006339840,2757.159836
1520607257006339840,2757.166667
1520607258006339840,2757.201835
1520607259006339840,2757.203431
1520607260006339840,2757.203431
1520607261006339840,2757.203431
1520607262006339840,2757.202703
1520607263006339840,2757.202703
1520607264006339840,2757.159722
1520607265006339840,2757.141393
1520607266006339840,2757.072511
1520607267006339840,2757.053653
1520607268006339840,2757.050000
1520607269006339840,2757.052273
1520607270006339840,2757.036458
1520607271006339840,2757.008333
1520607272006339840,2756.998134
1520607273006339840,2756.994565
1520607274006339840,2756.985294
1520607275006339840,2756.976974
1520607276006339840,2756.973856
1520607277006339840,2756.961538
1520607278006339840,2756.936047
1520607279006339840,2756.928571
1520607280006339840,2756.920775
1520607281006339840,2756.914122
1520607282006339840,2756.903595
1520607283006339840,2756.900641
1520607284006339840,2756.898148
1520607285006339840,2756.871287
1520607286006339840,2756.858911
1520607287006339840,2756.837500
1520607288006339840,2756.824519
1520607289006339840,2756.793605
1520607290006339840,2756.767647
1520607291006339840,2756.767045
1520607292006339840,2756.767045
1520607293006339840,2756.767045
1520607294006339840,2756.747253
1520607295006339840,2756.741573
1520607296006339840,2756.725862
1520607297006339840,2756.718750
1520607298006339840,2756.699597
1520607299006339840,2756.682609
1520607300006339840,2756.678899
1520607301006339840,2756.650735
1520607302006339840,2756.645833
1520607303006339840,2756.639535
1520607304006339840,2756.636667
1520607305006339840,2756.621681
1520607306006339840,2756.611111
1520607307006339840,2756.633197
1520607308006339840,2756.639535
1520607309006339840,2756.642308
1520607310006339840,2756.646947
1520607311006339840,2756.659274
1520607312006339840,2756.660305
1520607313006339840,2756.659274
1520607314006339840,2756.679487
1520607315006339840,2756.683190
1520607316006339840,2756.689655
1520607317006339840,2756.686441
1520607318006339840,2756.687500
1520607319006339840,2756.685484
1520607320006339840,2756.686992
1520607321006339840,2756.687500
1520607322006339840,2756.687500
1520607323006339840,2756.688356
1520607324006339840,2756.726636
1520607325006339840,2756.803571
1520607326006339840,2756.816667
1520607327006339840,2756.827519
1520607328006339840,2756.848958
1520607329006339840,2756.894161
1520607330006339840,2756.918000
1520607331006339840,2756.934579
1520607332006339840,2756.963693
1520607333006339840,2756.967391
1520607334006339840,2756.971030
1520607335006339840,2756.977876
1520607336006339840,2757.023148
1520607337006339840,2757.162770
1520607338006339840,2757.176471
1520607339006339840,2757.205090
1520607340006339840,2757.210598
1520607341006339840,2757.257500
1520607342006339840,2757.280556
1520607343006339840,2757.286486
1520607344006339840,2757.294118
1520607345006339840,2757.317757
1520607346006339840,2757.319444
1520607347006339840,2757.331967
1520607348006339840,2757.334711
1520607349006339840,2757.352761
1520607350006339840,2757.364286
1520607351006339840,2757.371585
1520607352006339840,2757.373810
1520607353006339840,2757.375000
1520607354006339840,2757.375000
1520607355006339840,2757.365772
1520607356006339840,2757.363176
1520607357006339840,2757.351515
1520607358006339840,2757.334034
1520607359006339840,2757.319444
1520607360006339840,2757.316514
1520607361006339840,2757.295455
1520607362006339840,2757.287500
1520607363006339840,2757.287234
1520607364006339840,2757.287234
1520607365006339840,2757.293367
1520607366006339840,2757.287500
1520607367006339840,2757.287500
1520607368006339840,2757.165816
1520607369006339840,2757.084016
1520607370006339840,2757.052632
1520607371006339840,2757.020455
1520607372006339840,2757.004854
1520607373006339840,2756.985000
1520607374006339840,2756.941288
1520607375006339840,2756.913265
1520607376006339840,2756.911616
1520607377006339840,2756.911616
1520607378006339840,2756.911616
1520607379006339840,2756.911616
1520607380006339840,2756.908019
1520607381006339840,2756.865385
1520607382006339840,2756.832278
1520607383006339840,2756.836538
1520607384006339840,2756.865385
1520607385006339840,2756.908019
1520607386006339840,2756.911616
1520607387006339840,2756.913265
1520607388006339840,2756.924569
1520607389006339840,2756.945545
1520607390006339840,2756.986641
1520607391006339840,2757.007009
1520607392006339840,2757.020270
1520607393006339840,2757.021084
1520607394006339840,2757.026087
1520607395006339840,2757.103448
1520607396006339840,2757.105208
1520607397006339840,2757.106695
1520607398006339840,2757.108447
1520607399006339840,2757.117704
1520607400006339840,2757.159864
1520607401006339840,2757.208054
1520607402006339840,2757.224868
1520607403006339840,2757.225000
1520607404006339840,2757.233871
1520607405006339840,2757.237374
1520607406006339840,2757.242147
1520607407006339840,2757.256494
1520607408006339840,2757.258117
1520607409006339840,2757.259777
1520607410006339840,2757.259777
1520607411006339840,2757.259777
1520607412006339840,2757.261050
1520607413006339840,2757.261111
1520607414006339840,2757.261111
1520607415006339840,2757.261111
1520607416006339840,2757.261146
1520607417006339840,2757.259777
1520607418006339840,2757.258170
1520607419006339840,2757.258117
1520607420006339840,2757.258065
1520607421006339840,2757.247340
1520607422006339840,2757.238402
1520607423006339840,2757.233871
1520607424006339840,2757.225000
1520607425006339840,2757.149225
1520607426006339840,2757.147638
1520607427006339840,2756.692149
1520607428006339840,2756.651163
1520607429006339840,2756.615517
1520607430006339840,2756.607143
1520607431006339840,2756.586364
1520607432006339840,2756.586364
1520607433006339840,2756.583333
1520607434006339840,2756.575103
1520607435006339840,2756.572449
1520607436006339840,2756.558511
1520607437006339840,2756.537129
1520607438006339840,2756.521429
1520607439006339840,2756.482857
1520607440006339840,2756.476608
1520607441006339840,2756.466755
1520607442006339840,2756.452247
1520607443006339840,2756.442647
1520607444006339840,2756.439655
1520607445006339840,2756.451117
1520607446006339840,2756.446429
1520607447006339840,2756.437853
1520607448006339840,2756.425325
1520607449006339840,2756.420455
1520607450006339840,2756.419591
1520607451006339840,2756.417630
1520607452006339840,2756.416667
1520607453006339840,2756.416193
1520607454006339840,2756.408654
1520607455006339840,2756.402098
1520607456006339840,2756.401007
1520607457006339840,2756.391935
1520607458006339840,2756.390845
1520607459006339840,2756.382979
1520607460006339840,2756.377820
1520607461006339840,2756.375000
1520607462006339840,2756.375000
1520607463006339840,2756.373264
1520607464006339840,2756.360714
1520607465006339840,2756.221649
1520607466006339840,2756.194444
1520607467006339840,2756.189732
1520607468006339840,2756.177083
1520607469006339840,2756.156028
1520607470006339840,2756.149160
1520607471006339840,2756.141071
1520607472006339840,2756.137143
1520607473006339840,2756.132743
1520607474006339840,2756.089109
1520607475006339840,2756.083333
1520607476006339840,2755.980053
1520607477006339840,2755.942118
1520607478006339840,2755.932927
1520607479006339840,2755.931564
1520607480006339840,2755.931564
1520607481006339840,2755.932927
1520607482006339840,2755.932927
1520607483006339840,2755.894904
1520607484006339840,2755.894904
1520607485006339840,2755.893519
1520607486006339840,2755.894904
1520607487006339840,2755.894904
1520607488006339840,2755.892647
1520607489006339840,2755.892647
1520607490006339840,2755.892647
1520607491006339840,2755.882609
1520607492006339840,2755.882609
1520607493006339840,2755.884804
1520607494006339840,2755.892647
1520607495006339840,2755.895833
1520607496006339840,2755.909574
1520607497006339840,2755.926282
1520607498006339840,2755.933642
1520607499006339840,2755.939103
1520607500006339840,2755.947011
1520607501006339840,2755.966346
1520607502006339840,2755.984694
1520607503006339840,2755.990741
1520607504006339840,2755.998418
1520607505006339840,2756.006250
1520607506006339840,2756.013415
1520607507006339840,2756.013547
1520607508006339840,2756.040179
1520607509006339840,2756.101923
1520607510006339840,2756.125000
1520607511006339840,2756.125000
1520607512006339840,2756.125000
1520607513006339840,2756.125000
1520607514006339840,2756.125000
1520607515006339840,2756.125000
1520607516006339840,2756.125000
1520607517006339840,2756.125000
1520607518006339840,2756.125000
1520607519006339840,2756.125000
1520607520006339840,2756.125000
1520607521006339840,2756.126050
1520607522006339840,2756.127232
1520607523006339840,2756.128319
1520607524006339840,2756.128319
1520607525006339840,2756.128319
1520607526006339840,2756.128319
1520607527006339840,2756.128319
1520607528006339840,2756.128319
1520607529006339840,2756.128319
1520607530006339840,2756.128319
1520607531006339840,2756.128319
1520607532006339840,2756.128623
1520607533006339840,2756.128319
1520607534006339840,2756.128319
1520607535006339840,2756.128623
1520607536006339840,2756.128623
1520607537006339840,2756.128623
1520607538006339840,2756.128788
1520607539006339840,2756.130510
1520607540006339840,2756.341304
1520607541006339840,2756.346698
1520607542006339840,2756.353916
1520607543006339840,2756.357639
1520607544006339840,2756.363905
1520607545006339840,2756.372263
1520607546006339840,2756.378125
1520607547006339840,2756.380719
1520607548006339840,2756.386538
1520607549006339840,2756.389073
1520607550006339840,2756.400000
1520607551006339840,2756.402778
1520607552006339840,2756.404545
1520607553006339840,2756.404580
1520607554006339840,2756.417355
1520607555006339840,2756.513158
1520607556006339840,2756.527778
1520607557006339840,2756.651163
1520607558006339840,2756.665217
1520607559006339840,2756.693396
1520607560006339840,2756.704545
1520607561006339840,2756.837398
1520607562006339840,2756.853175
1520607563006339840,2756.902574
1520607564006339840,2756.923246
1520607565006339840,2756.964912
1520607566006339840,2757.007634
1520607567006339840,2757.026074
1520607568006339840,2757.061594
1520607569006339840,2757.091463
1520607570006339840,2757.115741
1520607571006339840,2757.143145
1520607572006339840,2757.162844
1520607573006339840,2757.174020
1520607574006339840,2757.212121
1520607575006339840,2757.224719
1520607576006339840,2757.226891
1520607577006339840,2757.245833
1520607578006339840,2757.247899
1520607579006339840,2757.261161
1520607580006339840,2757.266917
1520607581006339840,2757.267442
1520607582006339840,2757.268182
1520607583006339840,2757.268182
1520607584006339840,2757.268182
1520607585006339840,2757.267442
1520607586006339840,2757.268182
1520607587006339840,2757.268182
1520607588006339840,2757.267442
1520607589006339840,2757.268182
1520607590006339840,2757.266917
1520607591006339840,2757.266917
1520607592006339840,2757.265766
1520607593006339840,2757.265766
1520607594006339840,2757.263274
1520607595006339840,2757.247845
1520607596006339840,2757.213768
1520607597006339840,2757.186709
1520607598006339840,2757.182813
1520607599006339840,2757.176752
1520607600006339840,2757.176752
1520607601006339840,2757.176752
1520607602006339840,2757.176752
1520607603006339840,2757.176752
1520607604006339840,2757.176752
1520607605006339840,2757.176752
1520607606006339840,2757.166071
1520607607006339840,2757.166071
1520607608006339840,2757.166071
1520607609006339840,2757.176752
1520607610006339840,2757.166071
1520607611006339840,2757.176752
1520607612006339840,2757.166071
1520607613006339840,2757.166071
1520607614006339840,2757.166071
1520607615006339840,2757.345865
1520607616006339840,2757.376667
1520607617006339840,2757.536408
1520607618006339840,2757.587209
1520607619006339840,2757.632353
1520607620006339840,2757.633333
1520607621006339840,2757.648936
1520607622006339840,2757.687500
1520607623006339840,2757.710000
1520607624006339840,2757.757056
1520607625006339840,2757.767375
1520607626006339840,2757.769153
1520607627006339840,2757.772140
1520607628006339840,2757.778101
1520607629006339840,2757.783074
1520607630006339840,2757.794402
1520607631006339840,2757.810078
1520607632006339840,2757.827491
1520607633006339840,2757.830469
1520607634006339840,2757.836142
1520607635006339840,2757.862613
1520607636006339840,2758.070000
1520607637006339840,2758.091398
1520607638006339840,2758.096341
1520607639006339840,2758.100467
1520607640006339840,2758.107143
1520607641006339840,2758.108796
1520607642006339840,2758.112395
1520607643006339840,2758.118343
1520607644006339840,2758.121795
1520607645006339840,2758.126471
1520607646006339840,2758.135650
1520607647006339840,2758.143750
1520607648006339840,2758.145418
1520607649006339840,2758.146761
1520607650006339840,2758.151007
1520607651006339840,2758.185294
1520607652006339840,2758.233871
1520607653006339840,2758.241870
1520607654006339840,2758.257962
1520607655006339840,2758.262097
1520607656006339840,2758.267717
1520607657006339840,2758.328859
1520607658006339840,2758.363497
1520607659006339840,2758.367143
1520607660006339840,2758.369382
1520607661006339840,2758.382353
1520607662006339840,2758.403037
1520607663006339840,2758.410646
1520607664006339840,2758.416667
1520607665006339840,2758.416667
1520607666006339840,2758.416667
1520607667006339840,2758.416667
1520607668006339840,2758.416667
1520607669006339840,2758.416667
1520607670006339840,2758.416667
1520607671006339840,2758.416667
1520607672006339840,2758.416667
1520607673006339840,2758.418327
1520607674006339840,2758.428344
1520607675006339840,2758.443314
1520607676006339840,2758.443989
1520607677006339840,2758.444611
1520607678006339840,2758.444940
1520607679006339840,2758.453125
1520607680006339840,2758.457849
1520607681006339840,2758.457849
1520607682006339840,2758.457849
1520607683006339840,2758.484722
1520607684006339840,2758.487952
1520607685006339840,2758.507883
1520607686006339840,2758.554622
1520607687006339840,2758.559932
1520607688006339840,2758.576923
1520607689006339840,2758.598921
1520607690006339840,2758.693182
1520607691006339840,2758.782967
1520607692006339840,2758.782967
1520607693006339840,2758.795213
1520607694006339840,2758.785326
1520607695006339840,2758.783708
1520607696006339840,2758.783505
1520607697006339840,2758.795213
1520607698006339840,2758.782967
1520607699006339840,2758.783505
1520607700006339840,2758.783708
1520607701006339840,2758.783505
1520607702006339840,2758.782967
1520607703006339840,2758.783505
1520607704006339840,2758.775773
1520607705006339840,2758.628906
1520607706006339840,2758.561404
1520607707006339840,2758.493852
1520607708006339840,2758.487676
1520607709006339840,2758.485915
1520607710006339840,2758.481203
1520607711006339840,2758.476496
1520607712006339840,2758.449405
1520607713006339840,2758.441456
1520607714006339840,2758.428571
1520607715006339840,2758.415468
1520607716006339840,2758.408203
1520607717006339840,2758.403595
1520607718006339840,2758.401961
1520607719006339840,2758.386194
1520607720006339840,2758.292035
1520607721006339840,2758.189119
1520607722006339840,2758.176768
1520607723006339840,2758.169951
1520607724006339840,2757.898693
1520607725006339840,2757.875000
1520607726006339840,2757.862319
1520607727006339840,2757.754464
1520607728006339840,2757.707721
1520607729006339840,2757.663121
1520607730006339840,2757.608871
1520607731006339840,2757.555118
1520607732006339840,2757.548913
1520607733006339840,2757.534653
1520607734006339840,2757.532407
1520607735006339840,2757.505263
1520607736006339840,2757.473039
1520607737006339840,2757.466019
1520607738006339840,2757.445000
1520607739006339840,2757.419776
1520607740006339840,2757.403846
1520607741006339840,2757.394737
1520607742006339840,2757.393130
1520607743006339840,2757.391544
1520607744006339840,2757.387868
1520607745006339840,2757.372137
1520607746006339840,2757.326446
1520607747006339840,2757.326446
1520607748006339840,2757.322761
1520607749006339840,2757.315451
1520607750006339840,2757.307471
1520607751006339840,2757.307895
1520607752006339840,2757.314516
1520607753006339840,2757.305233
1520607754006339840,2757.302083
1520607755006339840,2757.297030
1520607756006339840,2757.297030
1520607757006339840,2757.288344
1520607758006339840,2757.285714
1520607759006339840,2757.285714
1520607760006339840,2757.283019
1520607761006339840,2757.278146
1520607762006339840,2757.278146
1520607763006339840,2757.278146
1520607764006339840,2757.277778
1520607765006339840,2757.278146
1520607766006339840,2757.283871
1520607767006339840,2757.285714
1520607768006339840,2757.295082
1520607769006339840,2757.302734
1520607770006339840,2757.314516
1520607771006339840,2757.319355
1520607772006339840,2757.321918
1520607773006339840,2757.324367
1520607774006339840,2757.352190
1520607775006339840,2757.379139
1520607776006339840,2757.382042
1520607777006339840,2757.391071
1520607778006339840,2757.400763
1520607779006339840,2757.552752
1520607780006339840,2757.554545
1520607781006339840,2757.558696
1520607782006339840,2757.559735
1520607783006339840,2757.561404
1520607784006339840,2757.561404
1520607785006339840,2757.561404
1520607786006339840,2757.561404
1520607787006339840,2757.561404
1520607788006339840,2757.564655
1520607789006339840,2757.563063
1520607790006339840,2757.561404
1520607791006339840,2757.561404
1520607792006339840,2757.561404
1520607793006339840,2757.561404
1520607794006339840,2757.561404
1520607795006339840,2757.560870
1520607796006339840,2757.557870
1520607797006339840,2757.554545
1520607798006339840,2757.552752
1520607799006339840,2757.516000
1520607800006339840,2757.395706
1520607801006339840,2757.236915
1520607802006339840,2757.157297
1520607803006339840,2757.142391
1520607804006339840,2757.142157
1520607805006339840,2757.142097
1520607806006339840,2757.128535
1520607807006339840,2757.122995
1520607808006339840,2757.019068
1520607809006339840,2756.995434
1520607810006339840,2756.961686
1520607811006339840,2756.935824
1520607812006339840,2756.929508
1520607813006339840,2756.921147
1520607814006339840,2756.914414
1520607815006339840,2756.911215
1520607816006339840,2756.908333
1520607817006339840,2756.907670
1520607818006339840,2756.907095
1520607819006339840,2756.903670
1520607820006339840,2756.903315
1520607821006339840,2756.895374
1520607822006339840,2756.866279
1520607823006339840,2756.860772
1520607824006339840,2756.777108
1520607825006339840,2756.735830
1520607826006339840,2756.700730
1520607827006339840,2756.693750
1520607828006339840,2756.684615
1520607829006339840,2756.647059
1520607830006339840,2756.625000
1520607831006339840,2756.618421
1520607832006339840,2756.601266
1520607833006339840,2756.432692
1520607834006339840,2756.383272
1520607835006339840,2756.367841
1520607836006339840,2756.343396
1520607837006339840,2756.101103
1520607838006339840,2756.065217
1520607839006339840,2756.038110
1520607840006339840,2756.032051
1520607841006339840,2756.024351
1520607842006339840,2756.024194
1520607843006339840,2756.024194
1520607844006339840,2756.024194
1520607845006339840,2756.024194
1520607846006339840,2756.023333
1520607847006339840,2756.024194
1520607848006339840,2756.024194
1520607849006339840,2756.024194
1520607850006339840,2756.024194
1520607851006339840,2756.023333
1520607852006339840,2756.023333
1520607853006339840,2756.024194
1520607854006339840,2756.024194
1520607855006339840,2756.024510
1520607856006339840,2756.125000
1520607857006339840,2756.360075
1520607858006339840,2756.502155
1520607859006339840,2756.522000
1520607860006339840,2756.528226
1520607861006339840,2756.535714
1520607862006339840,2756.552500
1520607863006339840,2756.552989
1520607864006339840,2756.552989
1520607865006339840,2756.552632
1520607866006339840,2756.552989
1520607867006339840,2756.552632
1520607868006339840,2756.552632
1520607869006339840,2756.552989
1520607870006339840,2756.552989
1520607871006339840,2756.552500
1520607872006339840,2756.552966
1520607873006339840,2756.554775
1520607874006339840,2756.556604
1520607875006339840,2756.558962
1520607876006339840,2756.559451
1520607877006339840,2756.559451
1520607878006339840,2756.556604
1520607879006339840,2756.554455
1520607880006339840,2756.539286
1520607881006339840,2756.523077
1520607882006339840,2756.514113
1520607883006339840,2756.504132
1520607884006339840,2756.497727
1520607885006339840,2756.486957
1520607886006339840,2756.483051
1520607887006339840,2756.468978
1520607888006339840,2756.466912
1520607889006339840,2756.460177
1520607890006339840,2756.446581
1520607891006339840,2756.442797
1520607892006339840,2756.405660
1520607893006339840,2756.405660
1520607894006339840,2756.405660
1520607895006339840,2756.405660
1520607896006339840,2756.442797
1520607897006339840,2756.459507
1520607898006339840,2756.462598
1520607899006339840,2756.462598
1520607900006339840,2756.462598
1520607901006339840,2756.462598
1520607902006339840,2756.460177
1520607903006339840,2756.462598
1520607904006339840,2756.462598
1520607905006339840,2756.462598
1520607906006339840,2756.462598
1520607907006339840,2756.662214
1520607908006339840,2756.764000
1520607909006339840,2756.764228
1520607910006339840,2756.766129
1520607911006339840,2756.769076
1520607912006339840,2756.769076
1520607913006339840,2756.771236
1520607914006339840,2756.774793
1520607915006339840,2756.782946
1520607916006339840,2756.795203
1520607917006339840,2756.796943
1520607918006339840,2756.798295
1520607919006339840,2756.798295
1520607920006339840,2756.800193
1520607921006339840,2756.803774
1520607922006339840,2756.805233
1520607923006339840,2756.807613
1520607924006339840,2756.807613
1520607925006339840,2756.807613
1520607926006339840,2756.807613
1520607927006339840,2756.807613
1520607928006339840,2756.807613
1520607929006339840,2756.807613
1520607930006339840,2756.807377
1520607931006339840,2756.800193
1520607932006339840,2756.796943
1520607933006339840,2756.794280
1520607934006339840,2756.787849
1520607935006339840,2756.779412
1520607936006339840,2756.773041
1520607937006339840,2756.756158
1520607938006339840,2756.736686
1520607939006339840,2756.731293
1520607940006339840,2756.726648
1520607941006339840,2756.722384
1520607942006339840,2756.716714
1520607943006339840,2756.713873
1520607944006339840,2756.679012
1520607945006339840,2756.568841
1520607946006339840,2756.480263
1520607947006339840,2756.487931
1520607948006339840,2756.486413
1520607949006339840,2756.488014
1520607950006339840,2756.476471
1520607951006339840,2756.459497
1520607952006339840,2756.437793
1520607953006339840,2756.437793
1520607954006339840,2756.438679
1520607955006339840,2756.437793
1520607956006339840,2756.418203
1520607957006339840,2756.415493
1520607958006339840,2756.400000
1520607959006339840,2756.387931
1520607960006339840,2756.386207
1520607961006339840,2756.385417
1520607962006339840,2756.384483
1520607963006339840,2756.384483
1520607964006339840,2756.385417
1520607965006339840,2756.385417
1520607966006339840,2756.384483
1520607967006339840,2756.385417
1520607968006339840,2756.393791
1520607969006339840,2756.410976
1520607970006339840,2756.416667
1520607971006339840,2756.437793
1520607972006339840,2756.463687
1520607973006339840,2756.480263
1520607974006339840,2756.498571
1520607975006339840,2756.512500
1520607976006339840,2756.515306
1520607977006339840,2756.529817
1520607978006339840,2756.531553
1520607979006339840,2756.544872
1520607980006339840,2756.562274
1520607981006339840,2756.564079
1520607982006339840,2756.706835
1520607983006339840,2756.739329
1520607984006339840,2756.751634
1520607985006339840,2756.829762
1520607986006339840,2756.834541
1520607987006339840,2756.834541
1520607988006339840,2756.829762
1520607989006339840,2756.875641
1520607990006339840,2756.876289
1520607991006339840,2756.913462
1520607992006339840,2756.914365
1520607993006339840,2756.915278
1520607994006339840,2756.914365
1520607995006339840,2756.914365
1520607996006339840,2756.915278
1520607997006339840,2756.911685
1520607998006339840,2756.897059
1520607999006339840,2756.897059
1520608000006339840,2756.897059
1520608001006339840,2756.911685
1520608002006339840,2756.928058
1520608003006339840,2756.928058
1520608004006339840,2756.928058
1520608005006339840,2756.928058
1520608006006339840,2756.918561
1520608007006339840,2756.927660
1520608008006339840,2756.928058
1520608009006339840,2756.928058
1520608010006339840,2756.928058
1520608011006339840,2756.927660
1520608012006339840,2756.928058
1520608013006339840,2756.928058
1520608014006339840,2756.928058
1520608015006339840,2756.970455
1520608016006339840,2757.045918
1520608017006339840,2757.052013
1520608018006339840,2757.072289
1520608019006339840,2757.081597
1520608020006339840,2757.093750
1520608021006339840,2757.325926
1520608022006339840,2757.367133
1520608023006339840,2757.376453
1520608024006339840,2757.377246
1520608025006339840,2757.435241
1520608026006339840,2757.445946
1520608027006339840,2757.480000
1520608028006339840,2757.486538
1520608029006339840,2757.490385
1520608030006339840,2757.507143
1520608031006339840,2757.513235
1520608032006339840,2757.525168
1520608033006339840,2757.549107
1520608034006339840,2757.571023
1520608035006339840,2757.625000
1520608036006339840,2757.720297
1520608037006339840,2757.726190
1520608038006339840,2757.726667
1520608039006339840,2757.732258
1520608040006339840,2757.757538
1520608041006339840,2757.772849
1520608042006339840,2757.774457
1520608043006339840,2757.780263
1520608044006339840,2757.818182
1520608045006339840,2757.825556
1520608046006339840,2757.864865
1520608047006339840,2757.870112
1520608048006339840,2757.870787
1520608049006339840,2757.870739
1520608050006339840,2757.870739
1520608051006339840,2757.870739
1520608052006339840,2757.870739
1520608053006339840,2757.870739
1520608054006339840,2757.870739
1520608055006339840,2757.870056
1520608056006339840,2757.870056
1520608057006339840,2757.870739
1520608058006339840,2757.890052
1520608059006339840,2757.920168
1520608060006339840,2757.957746
1520608061006339840,2758.030357
1520608062006339840,2758.064961
1520608063006339840,2758.046460
1520608064006339840,2758.057143
1520608065006339840,2758.064961
1520608066006339840,2758.046875
1520608067006339840,2758.045000
1520608068006339840,2758.042500
1520608069006339840,2758.042500
1520608070006339840,2758.042929
1520608071006339840,2758.042929
1520608072006339840,2758.045000
1520608073006339840,2758.068792
1520608074006339840,2758.129310
1520608075006339840,2758.331395
1520608076006339840,2758.333333
1520608077006339840,2758.341304
1520608078006339840,2758.345455
1520608079006339840,2758.348913
1520608080006339840,2758.354839
1520608081006339840,2758.387363
1520608082006339840,2758.521845
1520608083006339840,2758.691860
1520608084006339840,2758.831395
1520608085006339840,2759.002841
1520608086006339840,2759.041985
1520608087006339840,2759.045833
1520608088006339840,2759.110465
1520608089006339840,2759.128571
1520608090006339840,2759.177152
1520608091006339840,2759.190722
1520608092006339840,2759.192568
1520608093006339840,2759.197248
1520608094006339840,2759.218553
1520608095006339840,2759.228346
1520608096006339840,2759.252427
1520608097006339840,2759.259662
1520608098006339840,2759.281646
1520608099006339840,2759.287118
1520608100006339840,2759.293839
1520608101006339840,2759.297566
1520608102006339840,2759.308091
1520608103006339840,2759.318376
1520608104006339840,2759.347778
1520608105006339840,2759.494227
1520608106006339840,2759.511830
1520608107006339840,2759.545307
1520608108006339840,2759.565549
1520608109006339840,2759.591994
1520608110006339840,2759.601515
1520608111006339840,2759.607353
1520608112006339840,2759.613897
1520608113006339840,2759.620690
1520608114006339840,2759.627551
1520608115006339840,2760.113281
1520608116006339840,2760.118644
1520608117006339840,2760.118644
1520608118006339840,2760.118644
1520608119006339840,2760.118644
1520608120006339840,2760.118644
1520608121006339840,2760.118644
1520608122006339840,2760.118644
1520608123006339840,2760.118644
1520608124006339840,2760.119942
1520608125006339840,2760.118644
1520608126006339840,2760.118644
1520608127006339840,2760.118644
1520608128006339840,2760.118644
1520608129006339840,2760.118644
1520608130006339840,2760.117424
1520608131006339840,2760.084524
1520608132006339840,2759.948113
1520608133006339840,2759.954365
1520608134006339840,2759.916667
1520608135006339840,2759.948113
1520608136006339840,2759.923554
1520608137006339840,2759.946809
1520608138006339840,2759.946809
1520608139006339840,2759.946809
1520608140006339840,2759.946809
1520608141006339840,2759.946809
1520608142006339840,2759.946809
1520608143006339840,2759.915929
1520608144006339840,2759.947619
1520608145006339840,2759.946809
1520608146006339840,2759.925758
1520608147006339840,2759.948944
1520608148006339840,2759.960993
1520608149006339840,2759.967153
1520608150006339840,2759.986000
1520608151006339840,2760.016529
1520608152006339840,2760.032692
1520608153006339840,2760.079023
1520608154006339840,2760.089286
1520608155006339840,2760.110345
1520608156006339840,2760.112416
1520608157006339840,2760.124046
1520608158006339840,2760.133721
1520608159006339840,2760.138060
1520608160006339840,2760.160180
1520608161006339840,2760.160606
1520608162006339840,2760.175000
1520608163006339840,2760.210084
1520608164006339840,2760.223005
1520608165006339840,2760.223005
1520608166006339840,2760.217890
1520608167006339840,2760.231557
1520608168006339840,2760.259346
1520608169006339840,2760.298148
1520608170006339840,2760.298148
1520608171006339840,2760.320652
1520608172006339840,2760.339286
1520608173006339840,2760.351307
1520608174006339840,2760.351307
1520608175006339840,2760.351307
1520608176006339840,2760.351307
1520608177006339840,2760.351307
1520608178006339840,2760.351307
1520608179006339840,2760.351307
1520608180006339840,2760.351307
1520608181006339840,2760.338816
1520608182006339840,2760.333871
1520608183006339840,2760.284483
1520608184006339840,2760.230769
1520608185006339840,2760.214932
1520608186006339840,2760.212598
1520608187006339840,2760.210084
1520608188006339840,2760.204365
1520608189006339840,2760.200422
1520608190006339840,2760.195513
1520608191006339840,2760.154851
1520608192006339840,2759.858051
1520608193006339840,2759.841071
1520608194006339840,2759.783626
1520608195006339840,2759.782095
1520608196006339840,2759.771605
1520608197006339840,2759.765385
1520608198006339840,2759.759328
1520608199006339840,2759.751825
1520608200006339840,2759.745652
1520608201006339840,2759.745652
1520608202006339840,2759.745652
1520608203006339840,2759.745652
1520608204006339840,2759.745652
1520608205006339840,2759.745652
1520608206006339840,2759.745652
1520608207006339840,2759.745652
1520608208006339840,2759.752049
1520608209006339840,2759.759328
1520608210006339840,2759.763672
1520608211006339840,2759.771605
1520608212006339840,2759.771605
1520608213006339840,2759.775926
1520608214006339840,2759.775926
1520608215006339840,2759.775926
1520608216006339840,2759.771605
1520608217006339840,2759.759191
1520608218006339840,2759.747283
1520608219006339840,2759.745652
1520608220006339840,2759.745652
1520608221006339840,2759.734694
1520608222006339840,2759.726316
1520608223006339840,2759.646739
1520608224006339840,2759.661058
1520608225006339840,2759.646739
1520608226006339840,2759.646739
1520608227006339840,2759.697727
1520608228006339840,2759.727273
1520608229006339840,2759.743902
1520608230006339840,2759.743902
1520608231006339840,2759.727273
1520608232006339840,2759.701389
1520608233006339840,2759.646739
1520608234006339840,2759.605263
1520608235006339840,2759.596311
1520608236006339840,2759.584016
1520608237006339840,2759.561620
1520608238006339840,2759.557292
1520608239006339840,2759.557292
1520608240006339840,2759.557292
1520608241006339840,2759.557292
1520608242006339840,2759.545082
1520608243006339840,2759.541667
1520608244006339840,2759.539583
1520608245006339840,2759.539256
1520608246006339840,2759.537402
1520608247006339840,2759.539474
1520608248006339840,2759.543689
1520608249006339840,2759.550000
1520608250006339840,2759.554965
1520608251006339840,2759.557292
1520608252006339840,2759.573529
1520608253006339840,2759.585034
1520608254006339840,2759.585878
1520608255006339840,2759.585878
1520608256006339840,2759.585878
1520608257006339840,2759.578125
1520608258006339840,2759.571192
1520608259006339840,2759.560714
1520608260006339840,2759.560714
1520608261006339840,2759.560714
1520608262006339840,2759.560714
1520608263006339840,2759.560714
1520608264006339840,2759.561594
1520608265006339840,2759.563793
1520608266006339840,2759.571942
1520608267006339840,2759.584615
1520608268006339840,2759.585878
1520608269006339840,2759.579208
1520608270006339840,2759.566327
1520608271006339840,2759.562500
1520608272006339840,2759.562000
1520608273006339840,2759.562069
1520608274006339840,2759.562000
1520608275006339840,2759.562000
1520608276006339840,2759.562000
1520608277006339840,2759.560714
1520608278006339840,2759.557971
1520608279006339840,2759.553704
1520608280006339840,2759.547535
1520608281006339840,2759.535714
1520608282006339840,2759.529167
1520608283006339840,2759.522472
1520608284006339840,2759.479021
1520608285006339840,2759.469799
1520608286006339840,2759.391509
1520608287006339840,2758.986111
1520608288006339840,2758.911765
1520608289006339840,2758.871324
1520608290006339840,2758.780142
1520608291006339840,2758.741758
1520608292006339840,2758.711538
1520608293006339840,2758.693277
1520608294006339840,2758.672764
1520608295006339840,2758.626000
1520608296006339840,2758.594828
1520608297006339840,2758.285714
1520608298006339840,2758.234375
1520608299006339840,2758.216667
1520608300006339840,2758.205426
1520608301006339840,2758.174342
1520608302006339840,2758.172078
1520608303006339840,2758.121508
1520608304006339840,2758.101716
1520608305006339840,2758.096649
1520608306006339840,2758.095052
1520608307006339840,2758.092172
1520608308006339840,2758.090909
1520608309006339840,2758.081461
1520608310006339840,2758.079146
1520608311006339840,2758.056410
1520608312006339840,2758.047170
1520608313006339840,2758.047170
1520608314006339840,2758.047170
1520608315006339840,2758.047170
1520608316006339840,2758.046875
1520608317006339840,2758.047170
1520608318006339840,2758.052184
1520608319006339840,2758.065271
1520608320006339840,2758.079146
1520608321006339840,2758.085821
1520608322006339840,2758.091667
1520608323006339840,2758.093421
1520608324006339840,2758.093421
1520608325006339840,2758.096734
1520608326006339840,2758.100985
1520608327006339840,2758.127778
1520608328006339840,2758.220930
1520608329006339840,2758.229469
1520608330006339840,2758.314103
1520608331006339840,2758.337748
1520608332006339840,2758.339869
1520608333006339840,2758.344643
1520608334006339840,2758.377119
1520608335006339840,2758.404348
1520608336006339840,2758.417742
1520608337006339840,2758.434066
1520608338006339840,2758.440141
1520608339006339840,2758.454545
1520608340006339840,2758.475000
1520608341006339840,2758.494186
1520608342006339840,2759.639113
1520608343006339840,2759.699219
1520608344006339840,2759.776829
1520608345006339840,2759.781100
1520608346006339840,2759.781100
1520608347006339840,2759.780952
1520608348006339840,2759.781100
1520608349006339840,2759.781100
1520608350006339840,2759.780952
1520608351006339840,2759.781100
1520608352006339840,2759.781100
1520608353006339840,2759.792746
1520608354006339840,2759.795852
1520608355006339840,2759.796250
1520608356006339840,2759.795918
1520608357006339840,2759.795918
1520608358006339840,2759.795852
1520608359006339840,2759.795685
1520608360006339840,2759.794792
1520608361006339840,2759.795852
1520608362006339840,2759.796296
1520608363006339840,2759.797468
1520608364006339840,2759.800926
1520608365006339840,2759.803140
1520608366006339840,2759.808612
1520608367006339840,2759.816742
1520608368006339840,2759.820796
1520608369006339840,2759.827851
1520608370006339840,2759.828603
1520608371006339840,2759.833669
1520608372006339840,2759.836653
1520608373006339840,2759.858059
1520608374006339840,2760.046371
1520608375006339840,2760.103306
1520608376006339840,2760.128623
1520608377006339840,2760.177184
1520608378006339840,2760.183168
1520608379006339840,2760.201852
1520608380006339840,2760.201852
1520608381006339840,2760.201852
1520608382006339840,2760.201852
1520608383006339840,2760.201852
1520608384006339840,2760.204887
1520608385006339840,2760.209738
1520608386006339840,2760.222441
1520608387006339840,2760.234375
1520608388006339840,2760.237395
1520608389006339840,2760.239496
1520608390006339840,2760.243421
1520608391006339840,2760.249169
1520608392006339840,2760.266071
1520608393006339840,2760.273973
1520608394006339840,2760.273973
1520608395006339840,2760.273973
1520608396006339840,2760.273973
1520608397006339840,2760.273973
1520608398006339840,2760.278662
1520608399006339840,2760.281646
1520608400006339840,2760.283019
1520608401006339840,2760.284810
1520608402006339840,2760.290462
1520608403006339840,2760.502964
1520608404006339840,2760.527211
1520608405006339840,2760.542000
1520608406006339840,2760.550699
1520608407006339840,2760.580986
1520608408006339840,2760.584967
1520608409006339840,2760.588028
1520608410006339840,2760.591549
1520608411006339840,2760.593525
1520608412006339840,2760.607143
1520608413006339840,2760.599057
1520608414006339840,2760.599057
1520608415006339840,2760.600962
1520608416006339840,2760.599057
1520608417006339840,2760.599057
1520608418006339840,2760.599057
1520608419006339840,2760.599057
1520608420006339840,2760.599057
1520608421006339840,2760.599057
1520608422006339840,2760.601911
1520608423006339840,2760.603972
1520608424006339840,2760.610132
1520608425006339840,2760.610132
1520608426006339840,2760.610132
1520608427006339840,2760.601911
1520608428006339840,2760.598341
1520608429006339840,2760.597877
1520608430006339840,2760.595238
1520608431006339840,2760.585749
1520608432006339840,2760.581126
1520608433006339840,2760.581126
1520608434006339840,2760.580000
1520608435006339840,2760.580645
1520608436006339840,2760.580110
1520608437006339840,2760.577586
1520608438006339840,2760.567857
1520608439006339840,2760.566986
1520608440006339840,2760.564189
1520608441006339840,2760.557895
1520608442006339840,2760.545363
1520608443006339840,2760.515116
1520608444006339840,2760.544057
1520608445006339840,2760.550429
1520608446006339840,2760.562201
1520608447006339840,2760.565022
1520608448006339840,2760.567217
1520608449006339840,2760.567857
1520608450006339840,2760.572139
1520608451006339840,2760.582857
1520608452006339840,2760.586111
1520608453006339840,2760.592561
1520608454006339840,2760.594660
1520608455006339840,2760.594660
1520608456006339840,2760.598341
1520608457006339840,2760.600000
1520608458006339840,2760.600236
1520608459006339840,2760.602113
1520608460006339840,2760.614973
1520608461006339840,2760.662852
1520608462006339840,2760.663462
1520608463006339840,2760.665771
1520608464006339840,2760.828090
1520608465006339840,2760.837634
1520608466006339840,2761.177336
1520608467006339840,2761.185304
1520608468006339840,2761.189739
1520608469006339840,2761.200342
1520608470006339840,2761.218887
1520608471006339840,2761.240385
1520608472006339840,2761.258475
1520608473006339840,2761.359005
1520608474006339840,2761.456349
1520608475006339840,2761.544340
1520608476006339840,2761.764599
1520608477006339840,2761.911192
1520608478006339840,2761.923664
1520608479006339840,2761.937372
1520608480006339840,2761.940526
1520608481006339840,2761.947484
1520608482006339840,2761.952756
1520608483006339840,2761.963690
1520608484006339840,2761.968833
1520608485006339840,2761.980986
1520608486006339840,2761.991379
1520608487006339840,2761.994220
1520608488006339840,2762.016393
1520608489006339840,2762.037946
1520608490006339840,2762.050124
1520608491006339840,2762.080793
1520608492006339840,2762.085526
1520608493006339840,2762.117188
1520608494006339840,2762.126947
1520608495006339840,2762.126947
1520608496006339840,2762.126947
1520608497006339840,2762.126947
1520608498006339840,2762.126947
1520608499006339840,2762.126947
1520608500006339840,2762.126947
1520608501006339840,2762.126947
1520608502006339840,2762.126947
1520608503006339840,2762.126761
1520608504006339840,2762.126553
1520608505006339840,2762.126761
1520608506006339840,2762.126761
1520608507006339840,2762.126947
1520608508006339840,2762.127344
1520608509006339840,2762.127072
1520608510006339840,2762.126389
1520608511006339840,2762.124199
1520608512006339840,2762.124294
1520608513006339840,2762.124199
1520608514006339840,2762.124199
1520608515006339840,2762.124199
1520608516006339840,2762.122881
1520608517006339840,2762.117052
1520608518006339840,2762.115031
1520608519006339840,2762.098921
1520608520006339840,2762.098540
1520608521006339840,2762.098921
1520608522006339840,2762.098540
1520608523006339840,2762.097826
1520608524006339840,2762.098921
1520608525006339840,2762.111538
1520608526006339840,2762.122881
1520608527006339840,2762.126214
1520608528006339840,2762.130769
1520608529006339840,2762.134511
1520608530006339840,2762.136943
1520608531006339840,2762.140052
1520608532006339840,2762.148936
1520608533006339840,2762.160714
1520608534006339840,2762.162121
1520608535006339840,2762.165152
1520608536006339840,2762.163110
1520608537006339840,2762.178808
1520608538006339840,2762.184451
1520608539006339840,2762.184451
1520608540006339840,2762.184451
1520608541006339840,2762.183333
1520608542006339840,2762.184451
1520608543006339840,2762.181138
1520608544006339840,2762.180000
1520608545006339840,2762.165152
1520608546006339840,2762.162651
1520608547006339840,2762.164634
1520608548006339840,2762.162121
1520608549006339840,2762.162121
1520608550006339840,2762.156417
1520608551006339840,2762.156417
1520608552006339840,2762.155080
1520608553006339840,2762.143229
1520608554006339840,2762.140306
1520608555006339840,2762.134804
1520608556006339840,2762.134021
1520608557006339840,2762.132576
1520608558006339840,2762.131250
1520608559006339840,2762.110294
1520608560006339840,2762.110169
1520608561006339840,2762.109281
1520608562006339840,2762.110169
1520608563006339840,2762.105337
1520608564006339840,2762.070681
1520608565006339840,2762.067568
1520608566006339840,2762.060458
1520608567006339840,2762.058824
1520608568006339840,2762.030523
1520608569006339840,2761.998512
1520608570006339840,2761.994643
1520608571006339840,2761.994186
1520608572006339840,2761.991935
1520608573006339840,2761.991736
1520608574006339840,2761.989035
1520608575006339840,2761.989919
1520608576006339840,2761.988571
1520608577006339840,2761.983051
1520608578006339840,2761.984091
1520608579006339840,2761.973373
1520608580006339840,2761.964041
1520608581006339840,2761.936688
1520608582006339840,2761.933140
1520608583006339840,2761.936688
1520608584006339840,2761.944175
1520608585006339840,2761.945455
1520608586006339840,2761.945455
1520608587006339840,2761.952703
1520608588006339840,2761.983051
1520608589006339840,2761.983051
1520608590006339840,2761.983051
1520608591006339840,2761.956250
1520608592006339840,2761.950495
1520608593006339840,2761.950893
1520608594006339840,2761.950495
1520608595006339840,2761.950893
1520608596006339840,2761.968000
1520608597006339840,2761.991379
1520608598006339840,2761.990741
1520608599006339840,2761.990741
1520608600006339840,2762.002294
1520608601006339840,2762.007353
1520608602006339840,2762.021635
1520608603006339840,2762.055357
1520608604006339840,2762.057407
1520608605006339840,2762.072761
1520608606006339840,2762.086268
1520608607006339840,2762.099650
1520608608006339840,2762.104167
1520608609006339840,2762.122781
1520608610006339840,2762.140071
1520608611006339840,2762.163534
1520608612006339840,2762.179293
1520608613006339840,2762.203704
1520608614006339840,2762.206311
1520608615006339840,2762.322581
1520608616006339840,2762.325820
1520608617006339840,2762.328252
1520608618006339840,2762.336614
1520608619006339840,2762.342105
1520608620006339840,2762.345819
1520608621006339840,2762.346747
1520608622006339840,2762.348123
1520608623006339840,2762.353093
1520608624006339840,2762.354444
1520608625006339840,2762.358491
1520608626006339840,2762.358491
1520608627006339840,2762.358491
1520608628006339840,2762.358491
1520608629006339840,2762.358491
1520608630006339840,2762.358491
1520608631006339840,2762.354444
1520608632006339840,2762.353448
1520608633006339840,2762.347938
1520608634006339840,2762.346021
1520608635006339840,2762.343310
1520608636006339840,2762.342105
1520608637006339840,2762.333022
1520608638006339840,2762.328252
1520608639006339840,2762.321429
1520608640006339840,2762.292453
1520608641006339840,2762.223684
1520608642006339840,2762.218935
1520608643006339840,2762.217647
1520608644006339840,2762.215116
1520608645006339840,2762.214489
1520608646006339840,2762.209040
1520608647006339840,2761.844340
1520608648006339840,2761.836406
1520608649006339840,2761.833333
1520608650006339840,2761.836406
1520608651006339840,2761.836406
1520608652006339840,2761.836406
1520608653006339840,2761.836406
1520608654006339840,2761.836406
1520608655006339840,2761.836406
1520608656006339840,2761.832589
1520608657006339840,2761.822139
1520608658006339840,2761.817949
1520608659006339840,2761.799435
1520608660006339840,2761.764331
1520608661006339840,2761.763636
1520608662006339840,2761.762422
1520608663006339840,2761.762422
1520608664006339840,2761.762422
1520608665006339840,2761.760938
1520608666006339840,2761.760116
1520608667006339840,2761.757962
1520608668006339840,2761.757764
1520608669006339840,2761.762422
1520608670006339840,2761.763547
1520608671006339840,2761.765789
1520608672006339840,2761.809783
1520608673006339840,2761.812278
1520608674006339840,2761.817050
1520608675006339840,2761.817637
1520608676006339840,2761.819498
1520608677006339840,2761.825610
1520608678006339840,2761.827295
1520608679006339840,2761.826493
1520608680006339840,2761.831272
1520608681006339840,2761.826493
1520608682006339840,2761.831272
1520608683006339840,2761.830846
1520608684006339840,2761.830846
1520608685006339840,2761.830846
1520608686006339840,2761.831579
1520608687006339840,2761.837674
1520608688006339840,2761.838235
1520608689006339840,2761.839347
1520608690006339840,2761.844710
1520608691006339840,2761.847079
1520608692006339840,2762.028716
1520608693006339840,2762.039062
1520608694006339840,2762.046763
1520608695006339840,2762.058511
1520608696006339840,2762.082812
1520608697006339840,2762.150391
1520608698006339840,2762.153595
1520608699006339840,2762.162975
1520608700006339840,2762.183007
1520608701006339840,2762.187931
1520608702006339840,2762.189597
1520608703006339840,2762.192857
1520608704006339840,2762.195513
1520608705006339840,2762.206081
1520608706006339840,2762.224265
1520608707006339840,2762.251838
1520608708006339840,2762.273810
1520608709006339840,2762.276860
1520608710006339840,2762.280172
1520608711006339840,2762.292683
1520608712006339840,2762.317568
1520608713006339840,2762.316547
1520608714006339840,2762.318027
1520608715006339840,2762.317568
1520608716006339840,2762.346026
1520608717006339840,2762.353659
1520608718006339840,2762.378989
1520608719006339840,2762.385593
1520608720006339840,2762.392077
1520608721006339840,2762.395540
1520608722006339840,2762.452929
1520608723006339840,2762.495946
1520608724006339840,2762.498705
1520608725006339840,2762.501374
1520608726006339840,2762.502688
1520608727006339840,2762.509162
1520608728006339840,2762.521523
1520608729006339840,2762.527108
1520608730006339840,2762.532787
1520608731006339840,2762.584286
1520608732006339840,2762.582402
1520608733006339840,2762.595430
1520608734006339840,2762.632445
1520608735006339840,2762.644569
1520608736006339840,2762.828780
1520608737006339840,2762.832224
1520608738006339840,2762.834770
1520608739006339840,2762.836011
1520608740006339840,2762.836725
1520608741006339840,2762.838933
1520608742006339840,2762.840774
1520608743006339840,2762.841262
1520608744006339840,2762.841262
1520608745006339840,2762.841356
1520608746006339840,2762.841356
1520608747006339840,2762.841262
1520608748006339840,2762.841262
1520608749006339840,2762.841262
1520608750006339840,2762.841262
1520608751006339840,2762.841262
1520608752006339840,2762.841165
1520608753006339840,2762.838942
1520608754006339840,2762.835590
1520608755006339840,2762.726277
1520608756006339840,2762.706204
1520608757006339840,2762.656475
1520608758006339840,2762.650350
1520608759006339840,2762.637658
1520608760006339840,2762.631250
1520608761006339840,2762.631757
1520608762006339840,2762.631250
1520608763006339840,2762.630068
1520608764006339840,2762.620536
1520608765006339840,2762.620536
1520608766006339840,2762.619760
1520608767006339840,2762.620536
1520608768006339840,2762.619760
1520608769006339840,2762.620536
1520608770006339840,2762.619760
1520608771006339840,2762.619760
1520608772006339840,2762.620536
1520608773006339840,2762.619760
1520608774006339840,2762.619760
1520608775006339840,2762.619760
1520608776006339840,2762.620536
1520608777006339840,2762.628165
1520608778006339840,2762.711712
1520608779006339840,2762.729323
1520608780006339840,2762.748000
1520608781006339840,2762.765351
1520608782006339840,2762.765351
1520608783006339840,2762.766355
1520608784006339840,2762.767391
1520608785006339840,2762.768041
1520608786006339840,2762.769231
1520608787006339840,2762.772152
1520608788006339840,2762.769231
1520608789006339840,2762.769231
1520608790006339840,2762.769231
1520608791006339840,2762.772152
1520608792006339840,2762.781496
1520608793006339840,2762.785211
1520608794006339840,2762.787879
1520608795006339840,2762.790441
1520608796006339840,2762.792929
1520608797006339840,2762.828378
1520608798006339840,2762.799296
1520608799006339840,2762.788168
1520608800006339840,2762.785000
1520608801006339840,2762.773026
1520608802006339840,2762.766892
1520608803006339840,2762.747312
1520608804006339840,2762.730603
1520608805006339840,2762.717803
1520608806006339840,2762.705882
1520608807006339840,2762.703883
1520608808006339840,2762.700000
1520608809006339840,2762.699664
1520608810006339840,2762.699664
1520608811006339840,2762.700000
1520608812006339840,2762.704167
1520608813006339840,2762.704797
1520608814006339840,2762.704797
1520608815006339840,2762.714286
1520608816006339840,2762.726190
1520608817006339840,2762.750000
1520608818006339840,2762.757042
1520608819006339840,2762.761667
1520608820006339840,2762.765306
1520608821006339840,2762.764214
1520608822006339840,2762.764214
1520608823006339840,2762.766556
1520608824006339840,2762.763245
1520608825006339840,2762.764214
1520608826006339840,2762.763245
1520608827006339840,2762.766556
1520608828006339840,2762.785503
1520608829006339840,2762.789244
1520608830006339840,2762.800287
1520608831006339840,2762.804688
1520608832006339840,2762.807263
1520608833006339840,2762.808011
1520608834006339840,2762.810567
1520608835006339840,2762.812827
1520608836006339840,2762.812827
1520608837006339840,2762.812827
1520608838006339840,2762.812827
1520608839006339840,2762.813750
1520608840006339840,2762.813776
1520608841006339840,2762.814677
1520608842006339840,2762.817358
1520608843006339840,2762.818919
1520608844006339840,2762.837438
1520608845006339840,2762.846963
1520608846006339840,2762.848341
1520608847006339840,2762.846963
1520608848006339840,2762.846963
1520608849006339840,2762.848341
1520608850006339840,2762.846963
1520608851006339840,2762.850765
1520608852006339840,2762.854396
1520608853006339840,2762.877688
1520608854006339840,2762.880829
1520608855006339840,2762.887805
1520608856006339840,2762.890931
1520608857006339840,2762.899015
1520608858006339840,2763.270089
1520608859006339840,2763.372070
1520608860006339840,2763.381731
1520608861006339840,2763.400000
1520608862006339840,2763.456897
1520608863006339840,2763.498214
1520608864006339840,2763.518310
1520608865006339840,2763.523352
1520608866006339840,2763.535842
1520608867006339840,2763.561719
1520608868006339840,2763.567976
1520608869006339840,2763.570336
1520608870006339840,2763.582492
1520608871006339840,2763.610879
1520608872006339840,2763.639665
1520608873006339840,2763.713740
1520608874006339840,2763.739407
1520608875006339840,2763.756501
1520608876006339840,2763.760897
1520608877006339840,2763.768564
1520608878006339840,2763.774289
1520608879006339840,2763.776914
1520608880006339840,2763.779221
1520608881006339840,2763.795173
1520608882006339840,2763.799133
1520608883006339840,2763.845833
1520608884006339840,2763.848214
1520608885006339840,2763.844880
1520608886006339840,2763.844880
1520608887006339840,2763.845833
1520608888006339840,2763.847436
1520608889006339840,2763.848214
1520608890006339840,2763.847436
1520608891006339840,2763.848214
1520608892006339840,2763.848214
1520608893006339840,2763.848214
1520608894006339840,2763.848214
1520608895006339840,2763.848214
1520608896006339840,2763.848214
1520608897006339840,2763.838832
1520608898006339840,2763.828205
1520608899006339840,2763.798529
1520608900006339840,2763.794479
1520608901006339840,2763.741620
1520608902006339840,2763.734807
1520608903006339840,2763.700000
1520608904006339840,2763.691542
1520608905006339840,2763.678218
1520608906006339840,2763.662393
1520608907006339840,2763.653346
1520608908006339840,2763.646939
1520608909006339840,2763.643692
1520608910006339840,2763.633495
1520608911006339840,2763.632075
1520608912006339840,2763.628378
1520608913006339840,2763.625969
1520608914006339840,2763.619949
1520608915006339840,2763.610860
1520608916006339840,2763.604167
1520608917006339840,2763.594527
1520608918006339840,2763.591787
1520608919006339840,2763.586905
1520608920006339840,2763.581281
1520608921006339840,2763.578750
1520608922006339840,2763.556180
1520608923006339840,2763.541223
1520608924006339840,2763.530523
1520608925006339840,2763.527273
1520608926006339840,2763.521186
1520608927006339840,2763.518868
1520608928006339840,2763.517143
1520608929006339840,2763.509146
1520608930006339840,2763.382701
1520608931006339840,2763.352594
1520608932006339840,2763.294503
1520608933006339840,2763.291667
1520608934006339840,2763.289541
1520608935006339840,2763.289541
1520608936006339840,2763.289024
1520608937006339840,2763.286946
1520608938006339840,2763.286946
1520608939006339840,2763.288978
1520608940006339840,2763.289024
1520608941006339840,2763.289541
1520608942006339840,2763.287990
1520608943006339840,2763.289541
1520608944006339840,2763.289024
1520608945006339840,2763.288462
1520608946006339840,2763.289541
1520608947006339840,2763.293532
1520608948006339840,2763.294048
1520608949006339840,2763.295024
1520608950006339840,2763.304455
1520608951006339840,2763.618966
1520608952006339840,2763.627193
1520608953006339840,2763.629195
1520608954006339840,2763.629464
1520608955006339840,2763.629195
1520608956006339840,2763.629195
1520608957006339840,2763.631024
1520608958006339840,2763.632258
1520608959006339840,2763.631902
1520608960006339840,2763.633436
1520608961006339840,2763.634146
1520608962006339840,2763.635802
1520608963006339840,2763.640288
1520608964006339840,2763.681298
1520608965006339840,2763.690141
1520608966006339840,2763.691901
1520608967006339840,2763.692177
1520608968006339840,2763.703252
1520608969006339840,2763.726293
1520608970006339840,2763.762277
1520608971006339840,2763.762277
1520608972006339840,2763.720497
1520608973006339840,2763.714286
1520608974006339840,2763.654839
1520608975006339840,2763.654839
1520608976006339840,2763.654839
1520608977006339840,2763.654839
1520608978006339840,2763.654839
1520608979006339840,2763.654839
1520608980006339840,2763.654839
1520608981006339840,2763.714286
1520608982006339840,2763.753333
1520608983006339840,2763.721284
1520608984006339840,2763.665033
1520608985006339840,2763.709732
1520608986006339840,2763.709732
1520608987006339840,2763.665033
1520608988006339840,2763.661184
1520608989006339840,2763.656863
1520608990006339840,2763.654839
1520608991006339840,2763.650943
1520608992006339840,2763.645455
1520608993006339840,2763.642857
1520608994006339840,2763.639610
1520608995006339840,2763.637658
1520608996006339840,2763.637153
1520608997006339840,2763.627660
1520608998006339840,2763.606299
1520608999006339840,2763.557823
1520609000006339840,2763.527457
1520609001006339840,2763.445578
1520609002006339840,2763.427419
1520609003006339840,2763.426471
1520609004006339840,2763.424825
1520609005006339840,2763.423701
1520609006006339840,2763.422581
1520609007006339840,2763.421975
1520609008006339840,2763.416118
1520609009006339840,2763.399194
1520609010006339840,2763.390625
1520609011006339840,2763.378307
1520609012006339840,2763.348870
1520609013006339840,2763.319231
1520609014006339840,2763.311037
1520609015006339840,2763.305556
1520609016006339840,2763.305556
1520609017006339840,2763.307443
1520609018006339840,2763.307292
1520609019006339840,2763.307692
1520609020006339840,2763.307851
1520609021006339840,2763.307692
1520609022006339840,2763.304795
1520609023006339840,2763.295858
1520609024006339840,2763.287926
1520609025006339840,2763.286154
1520609026006339840,2763.273913
1520609027006339840,2763.268692
1520609028006339840,2763.257299
1520609029006339840,2763.252174
1520609030006339840,2763.235135
1520609031006339840,2763.231481
1520609032006339840,2763.231383
1520609033006339840,2763.226303
1520609034006339840,2763.219557
1520609035006339840,2763.192935
1520609036006339840,2763.179325
1520609037006339840,2763.161137
1520609038006339840,2763.139563
1520609039006339840,2763.134884
1520609040006339840,2763.123333
1520609041006339840,2763.078467
1520609042006339840,2763.074074
1520609043006339840,2763.074074
1520609044006339840,2763.073630
1520609045006339840,2763.071856
1520609046006339840,2763.068548
1520609047006339840,2763.068548
1520609048006339840,2763.067391
1520609049006339840,2763.067391
1520609050006339840,2763.067391
1520609051006339840,2763.064236
1520609052006339840,2763.059783
1520609053006339840,2763.058824
1520609054006339840,2763.058824
1520609055006339840,2763.058696
1520609056006339840,2763.058824
1520609057006339840,2763.059322
1520609058006339840,2763.058824
1520609059006339840,2763.058824
1520609060006339840,2763.056897
1520609061006339840,2763.051724
1520609062006339840,2763.044521
1520609063006339840,2763.042593
1520609064006339840,2763.021368
1520609065006339840,2763.019397
1520609066006339840,2763.006289
1520609067006339840,2762.791353
1520609068006339840,2762.764890
1520609069006339840,2762.761364
1520609070006339840,2762.755700
1520609071006339840,2762.754484
1520609072006339840,2762.752389
1520609073006339840,2762.746495
1520609074006339840,2762.740741
1520609075006339840,2762.733533
1520609076006339840,2762.726852
1520609077006339840,2762.721545
1520609078006339840,2762.712308
1520609079006339840,2762.708609
1520609080006339840,2762.694785
1520609081006339840,2762.681548
1520609082006339840,2762.676380
1520609083006339840,2762.672078
1520609084006339840,2762.666129
1520609085006339840,2762.661148
1520609086006339840,2762.651613
1520609087006339840,2762.587629
1520609088006339840,2762.563158
1520609089006339840,2762.560811
1520609090006339840,2762.464052
1520609091006339840,2762.357542
1520609092006339840,2762.354396
1520609093006339840,2762.352528
1520609094006339840,2762.350000
1520609095006339840,2762.340580
1520609096006339840,2762.329618
1520609097006339840,2762.318478
1520609098006339840,2762.315160
1520609099006339840,2762.306150
1520609100006339840,2762.303191
1520609101006339840,2762.298750
1520609102006339840,2762.284161
1520609103006339840,2762.267588
1520609104006339840,2762.263966
1520609105006339840,2762.257353
1520609106006339840,2762.257042
1520609107006339840,2762.254587
1520609108006339840,2762.252415
1520609109006339840,2762.249412
1520609110006339840,2762.243373
1520609111006339840,2762.240196
1520609112006339840,2762.233167
1520609113006339840,2762.194186
1520609114006339840,2762.194444
1520609115006339840,2762.192118
1520609116006339840,2762.185440
1520609117006339840,2762.176829
1520609118006339840,2762.157767
1520609119006339840,2762.155779
1520609120006339840,2762.151961
1520609121006339840,2762.150754
1520609122006339840,2762.146154
1520609123006339840,2762.122685
1520609124006339840,2762.120413
1520609125006339840,2762.100000
1520609126006339840,2762.044258
1520609127006339840,2761.995588
1520609128006339840,2761.976190
1520609129006339840,2761.917021
1520609130006339840,2761.898438
1520609131006339840,2761.891631
1520609132006339840,2761.877604
1520609133006339840,2761.850372
1520609134006339840,2761.837963
1520609135006339840,2761.822243
1520609136006339840,2761.819231
1520609137006339840,2761.817925
1520609138006339840,2761.816733
1520609139006339840,2761.802083
1520609140006339840,2761.793427
1520609141006339840,2761.776074
1520609142006339840,2761.773121
1520609143006339840,2761.771084
1520609144006339840,2761.754854
1520609145006339840,2761.754854
1520609146006339840,2761.753659
1520609147006339840,2761.753659
1520609148006339840,2761.753659
1520609149006339840,2761.753659
1520609150006339840,2761.753659
1520609151006339840,2761.753659
1520609152006339840,2761.753659
1520609153006339840,2761.753659
1520609154006339840,2761.762255
1520609155006339840,2761.770142
1520609156006339840,2761.772196
1520609157006339840,2761.773810
1520609158006339840,2761.774611
1520609159006339840,2761.777950
1520609160006339840,2761.784553
1520609161006339840,2761.787849
1520609162006339840,2761.795894
1520609163006339840,2761.822917
1520609164006339840,2761.848864
1520609165006339840,2761.858537
1520609166006339840,2761.861364
1520609167006339840,2761.925620
1520609168006339840,2761.961538
1520609169006339840,2761.971254
1520609170006339840,2761.972222
1520609171006339840,2761.972222
1520609172006339840,2761.980263
1520609173006339840,2761.992160
1520609174006339840,2761.998227
1520609175006339840,2761.998227
1520609176006339840,2761.998227
1520609177006339840,2761.998227
1520609178006339840,2761.998227
1520609179006339840,2761.998227
1520609180006339840,2761.998252
1520609181006339840,2761.998252
1520609182006339840,2761.998214
1520609183006339840,2761.997350
1520609184006339840,2761.992160
1520609185006339840,2761.980263
1520609186006339840,2761.975490
1520609187006339840,2761.972222
1520609188006339840,2761.971254
1520609189006339840,2761.959615
1520609190006339840,2761.954167
1520609191006339840,2761.903005
1520609192006339840,2761.889062
1520609193006339840,2761.888393
1520609194006339840,2761.884393
1520609195006339840,2761.884393
1520609196006339840,2761.747207
1520609197006339840,2761.741071
1520609198006339840,2761.678899
1520609199006339840,2761.673177
1520609200006339840,2761.673177
1520609201006339840,2761.673177
1520609202006339840,2761.673177
1520609203006339840,2761.673177
1520609204006339840,2761.673177
1520609205006339840,2761.673177
1520609206006339840,2761.673177
1520609207006339840,2761.673177
1520609208006339840,2761.673177
1520609209006339840,2761.673177
1520609210006339840,2761.673177
1520609211006339840,2761.673177
1520609212006339840,2761.673177
1520609213006339840,2761.673177
1520609214006339840,2761.675000
1520609215006339840,2761.675393
1520609216006339840,2761.675393
1520609217006339840,2761.675393
1520609218006339840,2761.676702
1520609219006339840,2761.675393
1520609220006339840,2761.675393
1520609221006339840,2761.675393
1520609222006339840,2761.677632
1520609223006339840,2761.675393
1520609224006339840,2761.713496
1520609225006339840,2761.784211
1520609226006339840,2761.791237
1520609227006339840,2761.793155
1520609228006339840,2761.831288
1520609229006339840,2761.831288
1520609230006339840,2761.836842
1520609231006339840,2761.835492
1520609232006339840,2761.792683
1520609233006339840,2761.787565
1520609234006339840,2761.784091
1520609235006339840,2761.765924
1520609236006339840,2761.752841
1520609237006339840,2761.714444
1520609238006339840,2761.707090
1520609239006339840,2761.641975
1520609240006339840,2761.624204
1520609241006339840,2761.621658
1520609242006339840,2761.619159
1520609243006339840,2761.618605
1520609244006339840,2761.618056
1520609245006339840,2761.616972
1520609246006339840,2761.615116
1520609247006339840,2761.615116
1520609248006339840,2761.616197
1520609249006339840,2761.618056
1520609250006339840,2761.618421
1520609251006339840,2761.619159
1520609252006339840,2761.619159
1520609253006339840,2761.619159
1520609254006339840,2761.618605
1520609255006339840,2761.618056
1520609256006339840,2761.618056
1520609257006339840,2761.618056
1520609258006339840,2761.618056
1520609259006339840,2761.618056
1520609260006339840,2761.618056
1520609261006339840,2761.618056
1520609262006339840,2761.618056
1520609263006339840,2761.618605
1520609264006339840,2761.619159
1520609265006339840,2761.625000
1520609266006339840,2761.644495
1520609267006339840,2761.783784
1520609268006339840,2761.793353
1520609269006339840,2761.795455
1520609270006339840,2761.799699
1520609271006339840,2761.809091
1520609272006339840,2761.857673
1520609273006339840,2761.896809
1520609274006339840,2761.897246
1520609275006339840,2762.089623
1520609276006339840,2762.095238
1520609277006339840,2762.171965
1520609278006339840,2762.181667
1520609279006339840,2762.213608
1520609280006339840,2762.221875
1520609281006339840,2762.232143
1520609282006339840,2762.247807
1520609283006339840,2762.264970
1520609284006339840,2762.269565
1520609285006339840,2762.275610
1520609286006339840,2762.294521
1520609287006339840,2762.299401
1520609288006339840,2762.306452
1520609289006339840,2762.314246
1520609290006339840,2762.321429
1520609291006339840,2762.324607
1520609292006339840,2762.326316
1520609293006339840,2762.328838
1520609294006339840,2762.334975
1520609295006339840,2762.342548
1520609296006339840,2762.352183
1520609297006339840,2762.400974
1520609298006339840,2762.407813
1520609299006339840,2762.441729
1520609300006339840,2762.479911
1520609301006339840,2762.513986
1520609302006339840,2762.518966
1520609303006339840,2762.538793
1520609304006339840,2762.599265
1520609305006339840,2762.675347
1520609306006339840,2762.681529
1520609307006339840,2762.682515
1520609308006339840,2762.683642
1520609309006339840,2762.724638
1520609310006339840,2762.724638
1520609311006339840,2762.724820
1520609312006339840,2762.743289
1520609313006339840,2762.787559
1520609314006339840,2762.805435
1520609315006339840,2762.826271
1520609316006339840,2762.863532
1520609317006339840,2762.868304
1520609318006339840,2762.868534
1520609319006339840,2762.868421
1520609320006339840,2762.868421
1520609321006339840,2762.868534
1520609322006339840,2762.868421
1520609323006339840,2762.868421
1520609324006339840,2762.868590
1520609325006339840,2762.868421
1520609326006339840,2762.868421
1520609327006339840,2762.868421
1520609328006339840,2762.868889
1520609329006339840,2762.868421
1520609330006339840,2762.868421
1520609331006339840,2762.868421
1520609332006339840,2762.868201
1520609333006339840,2762.657801
1520609334006339840,2762.627329
1520609335006339840,2762.614286
1520609336006339840,2762.548561
1520609337006339840,2762.540146
1520609338006339840,2762.430970
1520609339006339840,2762.421141
1520609340006339840,2762.415493
1520609341006339840,2762.395425
1520609342006339840,2762.385093
1520609343006339840,2762.383803
1520609344006339840,2762.379252
1520609345006339840,2762.361446
1520609346006339840,2762.338129
1520609347006339840,2762.333333
1520609348006339840,2762.319149
1520609349006339840,2762.281787
1520609350006339840,2762.226331
1520609351006339840,2762.211988
1520609352006339840,2762.168478
1520609353006339840,2762.163194
1520609354006339840,2762.155822
1520609355006339840,2762.154762
1520609356006339840,2762.147436
1520609357006339840,2762.139222
1520609358006339840,2762.137195
1520609359006339840,2762.117521
1520609360006339840,2762.113139
1520609361006339840,2762.092742
1520609362006339840,2762.036036
1520609363006339840,2762.005859
1520609364006339840,2761.993377
1520609365006339840,2761.986667
1520609366006339840,2761.982143
1520609367006339840,2761.979630
1520609368006339840,2761.976974
1520609369006339840,2761.974832
1520609370006339840,2761.973437
1520609371006339840,2761.972222
1520609372006339840,2761.969512
1520609373006339840,2761.969512
1520609374006339840,2761.969512
1520609375006339840,2761.943750
1520609376006339840,2761.938482
1520609377006339840,2761.933333
1520609378006339840,2761.928392
1520609379006339840,2761.920455
1520609380006339840,2761.912500
1520609381006339840,2761.799587
1520609382006339840,2761.789130
1520609383006339840,2761.771318
1520609384006339840,2761.741706
1520609385006339840,2761.734252
1520609386006339840,2761.721805
1520609387006339840,2761.711111
1520609388006339840,2761.709259
1520609389006339840,2761.649671
1520609390006339840,2761.649007
1520609391006339840,2761.649007
1520609392006339840,2761.649007
1520609393006339840,2761.649007
1520609394006339840,2761.649007
1520609395006339840,2761.649007
1520609396006339840,2761.649007
1520609397006339840,2761.652778
1520609398006339840,2761.709259
1520609399006339840,2761.711111
